A,479
B,324
C,315
D,482
E,315
F,307
G,426
H,425
I,404
J,457
K,358
L,464
M,444
N,327
O,317
P,307
Q,441
R,403
S,444
T,
U,351
V,370
W,363
X,359
Y,345
Z,379
A,455
B,348
C,375
D,394
E,342
F,327
G,349
H,327
I,497
J,417
K,399
L,407
M,340
N,379
O,306
P,431
Q,347
R,353
S,369
T,493
U,463
V,390
W,326
X,454
Y,452
Z,329
A,468
B,387
C,486
D,450
E,321
F,464
G,422
H,312
I,498
J,346
K,349
L,478
M,375
N,415
O,482
P,496
Q,497
R,346
S,492
T,421
U,327
V,3
W,444
X,413
Y,499
Z,368
A,465
B,362
C,424
D,458
E,474
F,343
G,471
H,491
I,360
J,313
K,340
L,
M,455
N,494
O,406
P,301
Q,366
R,324
S,396
T,372
U,422
V,384